"","country","Q.1","Q.2","Q.3","Q.4","Q.5","Q.6","Q.7","Q.8","Q.9","Q.10","Q.11","Q.12","Q.13","Q.14","Q.15","Q.16","Q.17","Q.18","Q.19","Q.20","Q.21","Q.22","Q.23","Q.24","Q.25","Q.26","Q.27","Q.28","Q.29","Q.30","Q.31","Q.32","Q.33","Q.34","Q.35","Q.36","age","avoidance","anxiety"
"1","AU",2.84844384303112,3.6021650879567,3.63599458728011,3.46549391069012,2.81596752368065,3.57916102841678,2.56968876860622,3.23139377537212,2.7212449255751,3.21109607577808,2.76860622462788,2.36400541271989,2.68335588633288,3.28281461434371,3.40460081190798,2.49391069012179,2.6319350473613,3.39242219215156,3.32611637347767,2.83220568335589,3.24627875507442,2.79972936400541,2.44925575101488,3.14479025710419,3.22598105548038,2.61975642760487,3.57374830852503,2.60351826792963,3.06495263870095,3.1745602165088,3.6468200270636,3.1894451962111,3.80784844384303,3.71041948579161,3.72530446549391,2.59404600811908,26.2801082543978,-6.6765899864682,49.6914749661705
"2","IN",2.78100263852243,3.71767810026385,3.88390501319261,3.71767810026385,2.69656992084433,3.37994722955145,2.38786279683377,3.53562005277045,2.44327176781003,3.69656992084433,2.94459102902375,2.70448548812665,2.56728232189974,3.48812664907652,3.6490765171504,2.62005277044855,2.56992084432718,3.61741424802111,3.45118733509235,3.21372031662269,3.10026385224274,2.63324538258575,2.43799472295515,3.53825857519789,3.54353562005277,2.79419525065963,3.78891820580475,2.93403693931398,3.40369393139842,3.62269129287599,3.89973614775726,3.6754617414248,3.86015831134565,3.67018469656992,3.8311345646438,3.27704485488127,24.2295514511873,-9.38258575197889,54.5699208443272
"3","HK",2.63157894736842,3.78947368421053,3.89473684210526,3.57894736842105,2.42105263157895,3.84210526315789,2.31578947368421,4,2.47368421052632,3.78947368421053,2.78947368421053,2.89473684210526,2.42105263157895,3.57894736842105,4.05263157894737,2.52631578947368,2.36842105263158,3.26315789473684,3.26315789473684,2.84210526315789,2.57894736842105,2.57894736842105,2.26315789473684,3.21052631578947,3.68421052631579,3.31578947368421,3.78947368421053,2.84210526315789,3.63157894736842,3.57894736842105,4.05263157894737,3.94736842105263,4.05263157894737,3.52631578947368,3.73684210526316,3,24.7368421052632,-11.8947368421053,54.9473684210526
"4","VN",3.4,3.2,3.9,2.9,2.6,2.6,2.4,2.8,2.6,3.1,2.9,1.8,2.5,2.6,3.4,1.9,2.8,2.8,3.5,2.9,3.8,3.6,2.5,3,2.4,2.6,3.4,1.8,3.3,2.6,3.9,2.8,3.5,2.4,3.1,2.5,22,-4.9,40.7
"5","MY",3.17777777777778,3.88888888888889,3.88888888888889,3.61111111111111,3.02222222222222,3.65555555555556,2.81111111111111,3.75555555555556,2.78888888888889,3.7,3.22222222222222,2.56666666666667,3.02222222222222,3.47777777777778,3.52222222222222,2.38888888888889,2.88888888888889,3.67777777777778,3.45555555555556,3.14444444444444,3.27777777777778,2.45555555555556,2.57777777777778,3.22222222222222,3.36666666666667,2.53333333333333,3.45555555555556,2.31111111111111,3.16666666666667,3.23333333333333,4,3.34444444444444,3.74444444444444,3.52222222222222,3.68888888888889,3,21.4333333333333,-5.5,52.5777777777778
"6","US",2.66247015411331,3.66681137399609,3.64640764054699,3.4914260907315,2.75450401562839,3.65074886042978,2.49587584111135,3.30008682439766,2.6238332971565,3.31376166702844,2.77805513349251,2.48469719991318,2.61580204037335,3.40471022357282,3.52832645973519,2.49500759713479,2.56381593227697,3.48046451052746,3.33850662036032,2.80746689819839,3.23344909919687,2.65172563490341,2.28217929238116,3.12665509008031,3.32689385717387,2.65118298241806,3.63577165183417,2.70892120685913,3.01226394616887,3.27045799869763,3.67766442370306,3.29824180594747,3.84219665726069,3.70154113305839,3.76796179726503,2.50412415888865,26.0430866073367,-7.76600824831778,50.7045799869763
"7","ID",3.03225806451613,3.91935483870968,3.85483870967742,3.5,2.88709677419355,3.5,2.48387096774194,3.40322580645161,2.53225806451613,3.90322580645161,3.14516129032258,2.51612903225806,2.56451612903226,3.48387096774194,3.75806451612903,2.58064516129032,2.62903225806452,3.7741935483871,3.37096774193548,3.33870967741935,3,2.64516129032258,2.45161290322581,3.16129032258065,3.46774193548387,2.69354838709677,3.80645161290323,2.79032258064516,3.25806451612903,3.19354838709677,3.7258064516129,3.45161290322581,3.82258064516129,3.33870967741935,3.53225806451613,3.12903225806452,22.6774193548387,-7.87096774193548,53.0322580645161
"8","NZ",2.88805970149254,3.5,3.61940298507463,3.47014925373134,2.91791044776119,3.53731343283582,2.59701492537313,3.23134328358209,2.75373134328358,3.24626865671642,3.05970149253731,2.40298507462687,2.74626865671642,3.13432835820896,3.49253731343284,2.42537313432836,2.78358208955224,3.45522388059702,3.26119402985075,2.8955223880597,3.37313432835821,2.77611940298507,2.42537313432836,3.17164179104478,3.13432835820896,2.67910447761194,3.54477611940298,2.45522388059702,2.86567164179104,3.06716417910448,3.51492537313433,3.17164179104478,3.66417910447761,3.78358208955224,3.63432835820896,2.54477611940298,25.6119402985075,-5.1865671641791,49.3955223880597
"9","GU",2.75,3.25,4.5,3.25,2,2.5,2.75,2.75,3,3.75,2.25,2.25,2.75,2,3.75,2,2.75,2.75,3.5,2.75,4,3.25,2.5,2.25,3.75,1.75,3.25,2,2.25,2,3,2.25,2.75,1.75,3.25,1.75,20.25,-5.25,37.75
"10","SG",2.77083333333333,3.875,3.84375,3.46875,2.78125,3.66666666666667,2.38541666666667,3.39583333333333,2.52083333333333,3.48958333333333,2.9375,2.54166666666667,2.46875,3.25,3.86458333333333,2.57291666666667,2.75,3.51041666666667,3.51041666666667,2.90625,3.16666666666667,2.60416666666667,2.38541666666667,3.13541666666667,3.19791666666667,2.67708333333333,3.65625,2.23958333333333,3.26041666666667,3.26041666666667,3.96875,3.27083333333333,4.01041666666667,3.5625,3.82291666666667,2.92708333333333,22.2083333333333,-8.96875,51.1458333333333
"11","PH",2.91324200913242,3.89497716894977,3.89041095890411,3.37442922374429,2.70776255707763,3.46118721461187,2.43835616438356,3.71689497716895,2.52054794520548,3.88584474885845,2.95433789954338,2.62100456621005,2.58447488584475,3.39269406392694,3.72146118721461,2.53881278538813,2.57534246575342,3.65753424657534,3.55707762557078,3.08219178082192,3.07305936073059,2.53424657534247,2.49315068493151,3.31050228310502,3.33333333333333,2.56164383561644,3.662100456621,2.61187214611872,3.20547945205479,3.12328767123288,3.49315068493151,3.23744292237443,3.93150684931507,3.33333333333333,3.84018264840183,2.88127853881279,21.5981735159817,-8.37442922374429,52.1506849315069
"12","LK",2.71428571428571,3,4.28571428571429,3.57142857142857,3.42857142857143,3.71428571428571,2.57142857142857,3.71428571428571,3.28571428571429,3.28571428571429,2.85714285714286,2.28571428571429,2.14285714285714,2.28571428571429,4.14285714285714,2.14285714285714,2.85714285714286,3.71428571428571,4,3,3.14285714285714,2.57142857142857,2.71428571428571,3.28571428571429,3.85714285714286,2.28571428571429,4,2.14285714285714,3.14285714285714,3.28571428571429,4.14285714285714,3.42857142857143,3.85714285714286,3.28571428571429,4.42857142857143,3.28571428571429,26.2857142857143,-10.1428571428571,49.1428571428571
"13","KE",3.6875,3.8125,3.25,3.375,3.4375,3.5625,2.875,3.5625,3.6875,3.6875,3.375,2.6875,3.1875,3,3.1875,2.5625,3.1875,3.375,2.8125,3.25,3.875,2.75,2.8125,3.25,2.6875,2.6875,3.4375,2.5625,2.4375,3.1875,3.75,3.75,3.9375,3.5,3.875,2.9375,26.25,0.75,52
"14","ZA",2.81720430107527,3.37634408602151,3.73118279569892,3.33333333333333,2.76344086021505,3.60215053763441,2.44086021505376,3.32258064516129,2.58064516129032,3.34408602150538,2.82795698924731,2.80645161290323,2.51612903225806,3.10752688172043,3.31182795698925,2.59139784946237,2.53763440860215,3.55913978494624,3.32258064516129,3.24731182795699,3.23655913978495,2.73118279569892,2.38709677419355,3.19354838709677,3.05376344086022,2.97849462365591,3.50537634408602,2.53763440860215,2.9247311827957,3.21505376344086,3.50537634408602,3.55913978494624,3.51612903225806,3.64516129032258,3.51612903225806,2.67741935483871,30.6344086021505,-6.27956989247312,51.3655913978495
"15","MW",3.33333333333333,3.33333333333333,4,3.66666666666667,2.33333333333333,2.33333333333333,2.66666666666667,3.66666666666667,2.66666666666667,2,3.33333333333333,1.66666666666667,2.33333333333333,3,3,1.66666666666667,3,3.33333333333333,3.33333333333333,2.66666666666667,2.33333333333333,3,2,2.66666666666667,2.33333333333333,2.33333333333333,2.33333333333333,3,3.33333333333333,2.66666666666667,3,3.33333333333333,3.33333333333333,3,3.66666666666667,2.33333333333333,27.3333333333333,-4.33333333333333,43.6666666666667
"16","JP",2.83870967741935,3.29032258064516,3.74193548387097,3.12903225806452,2.67741935483871,3.29032258064516,2.29032258064516,3.25806451612903,2.58064516129032,3.16129032258065,2.54838709677419,2.32258064516129,2.41935483870968,3.25806451612903,3.25806451612903,2.35483870967742,2.45161290322581,3.29032258064516,3.48387096774194,2.96774193548387,3.54838709677419,2.87096774193548,2.48387096774194,2.45161290322581,3.16129032258065,2.51612903225806,3.67741935483871,2.58064516129032,2.90322580645161,3.09677419354839,3.61290322580645,3.32258064516129,3.80645161290323,3.48387096774194,3.51612903225806,2.48387096774194,27.3548387096774,-7.32258064516129,47.3870967741936
"17","CA",2.78839957035446,3.68313641245972,3.67669172932331,3.48227712137487,2.75295381310419,3.59828141783029,2.58324382384533,3.24167561761547,2.68206229860365,3.2577873254565,2.82599355531686,2.42427497314715,2.6702470461869,3.33941997851772,3.46938775510204,2.47046186895811,2.66272824919441,3.49946294307197,3.31686358754028,2.78732545649839,3.28034371643394,2.66809881847476,2.35445757250269,3.10204081632653,3.22771213748657,2.73576799140709,3.58216970998926,2.6530612244898,3.03114930182599,3.19871106337272,3.60257787325456,3.27282491944146,3.76691729323308,3.73791621911923,3.72073039742213,2.51987110633727,27,-6.7937701396348,50.3361976369495
"18","RO",2.8,3.44,3.66,3.4,2.46,3.32,2.32,3.26,2.48,3.38,2.52,2.62,2.4,3.24,3.64,2.48,2.4,3.6,3.28,2.86,3.24,2.9,2.2,3.26,3.12,2.68,3.78,2.64,2.96,3.12,3.84,3.38,4,3.18,3.58,2.9,25.56,-9.04,49.86
"19","IT",3.28169014084507,3.42253521126761,3.76056338028169,3.57746478873239,2.84507042253521,3.29577464788732,2.45070422535211,3.38028169014085,2.84507042253521,3.40845070422535,2.77464788732394,2.29577464788732,2.84507042253521,3.07042253521127,3.57746478873239,2.3943661971831,2.91549295774648,3.40845070422535,3.09859154929577,2.97183098591549,3.29577464788732,2.74647887323944,2.61971830985915,3.15492957746479,3.26760563380282,2.63380281690141,3.83098591549296,2.71830985915493,2.77464788732394,3.32394366197183,3.66197183098592,3.63380281690141,3.63380281690141,3.26760563380282,3.70422535211268,2.63380281690141,27.112676056338,-5.43661971830986,49.8450704225352
"20","NO",2.89583333333333,3.66666666666667,3.5,3.16666666666667,2.72916666666667,3.375,2.52083333333333,3.29166666666667,2.6875,3.125,2.875,2.375,2.75,3.14583333333333,3.4375,2.375,2.64583333333333,3.39583333333333,3.35416666666667,2.60416666666667,3.29166666666667,2.9375,2.33333333333333,3.08333333333333,2.9375,2.47916666666667,3.39583333333333,2.54166666666667,2.77083333333333,3,3.5,3.0625,3.72916666666667,3.66666666666667,3.5,2.54166666666667,25.1041666666667,-5.39583333333333,47.9583333333333
"21","GB",2.88,3.68571428571429,3.59,3.56428571428571,2.74928571428571,3.65071428571429,2.52571428571429,3.38285714285714,2.77428571428571,3.33285714285714,2.69642857142857,2.49428571428571,2.66285714285714,3.42142857142857,3.35857142857143,2.50571428571429,2.60214285714286,3.50642857142857,3.29785714285714,2.87571428571429,3.255,2.60285714285714,2.385,3.22714285714286,3.15,2.67785714285714,3.48714285714286,2.72928571428571,2.93285714285714,3.255,3.52,3.28642857142857,3.69285714285714,3.77714285714286,3.66571428571429,2.64714285714286,26.4957142857143,-6.16428571428571,51.4171428571429
"22","RS",2.76315789473684,3.42105263157895,3.73684210526316,3.68421052631579,2.94736842105263,3.47368421052632,2.78947368421053,3.26315789473684,2.78947368421053,3.42105263157895,2.68421052631579,2.47368421052632,2.68421052631579,3,3.60526315789474,2.31578947368421,2.68421052631579,3.55263157894737,3.21052631578947,2.78947368421053,3.86842105263158,2.89473684210526,2.5,3.15789473684211,3.05263157894737,2.68421052631579,3.71052631578947,2.39473684210526,2.13157894736842,2.76315789473684,3.76315789473684,3.15789473684211,3.73684210526316,2.97368421052632,3.52631578947368,2.44736842105263,26.1315789473684,-4.76315789473684,48.0789473684211
"23","FR",3.21951219512195,3.80487804878049,3.28048780487805,3.5609756097561,2.9390243902439,3.57317073170732,3.04878048780488,3.45121951219512,3.10975609756098,3.47560975609756,3.08536585365854,2.58536585365854,2.97560975609756,3.24390243902439,3.21951219512195,2.36585365853659,2.80487804878049,3.52439024390244,2.86585365853659,2.54878048780488,3.46341463414634,2.45121951219512,2.60975609756098,3.17073170731707,2.65853658536585,2.68292682926829,3.30487804878049,2.71951219512195,2.47560975609756,3.10975609756098,3.30487804878049,3.45121951219512,3.53658536585366,3.60975609756098,3.47560975609756,2.79268292682927,25.4756097560976,-0.865853658536585,51.219512195122
"24","BG",2.63157894736842,3.68421052631579,3.78947368421053,3.15789473684211,2.84210526315789,3.31578947368421,2.42105263157895,3.26315789473684,2.73684210526316,3.36842105263158,3,2.52631578947368,2.47368421052632,2.84210526315789,3.26315789473684,2.47368421052632,2.89473684210526,3.73684210526316,3.21052631578947,2.73684210526316,3.05263157894737,3,2.73684210526316,3.26315789473684,3.21052631578947,2.89473684210526,3.73684210526316,2.36842105263158,2.36842105263158,2.84210526315789,3.47368421052632,2.78947368421053,3.63157894736842,3.10526315789474,3.94736842105263,2.89473684210526,23.3684210526316,-5.84210526315789,48.2631578947368
"25","IE",2.78125,3.67708333333333,3.55208333333333,3.4375,3,3.52083333333333,2.69791666666667,3.1875,2.88541666666667,3.25,2.78125,2.61458333333333,2.69791666666667,3.41666666666667,3.33333333333333,2.66666666666667,2.75,3.26041666666667,3.20833333333333,2.84375,3.27083333333333,2.76041666666667,2.5,3.16666666666667,2.97916666666667,2.63541666666667,3.5625,2.76041666666667,2.98958333333333,3.27083333333333,3.63541666666667,3.19791666666667,3.72916666666667,3.80208333333333,3.76041666666667,2.41666666666667,27.3958333333333,-5.38541666666667,50.3645833333333
"26","IQ",4,5,4,5,2,5,1,4,4,5,1,2,2,2,4,1,5,5,3,4,5,1,4,5,2,4,3,3,1,5,2,5,4,1,4,5,25,1,65
"27","BE",2.85,3.475,3.75,3.2,2.3,3.05,2.375,2.75,2.575,3.025,2.45,2.7,2.425,2.975,3.375,2.35,2.225,3.45,3.375,2.8,3.025,2.825,2.475,3.25,3.025,2.575,3.725,2.625,2.9,3.075,3.625,3.425,3.85,3.85,3.55,2.625,27.025,-8.475,48.375
"28","IL",2.79310344827586,3.24137931034483,3.82758620689655,3.51724137931034,2.20689655172414,3.27586206896552,2.31034482758621,3.10344827586207,2.24137931034483,3.17241379310345,2.44827586206897,2.3448275862069,2.31034482758621,3.37931034482759,3.79310344827586,2.48275862068966,2.27586206896552,3.44827586206897,3.75862068965517,2.72413793103448,3.20689655172414,2.93103448275862,2.10344827586207,2.93103448275862,3.68965517241379,2.51724137931034,3.82758620689655,2.75862068965517,3.10344827586207,3.10344827586207,3.89655172413793,3.41379310344828,4.03448275862069,3.79310344827586,3.72413793103448,2.6551724137931,29.551724137931,-11.7586206896552,48.9310344827586
"29","SA",1.93333333333333,3.13333333333333,4.46666666666667,3.6,2.33333333333333,2.93333333333333,2.46666666666667,3.6,2.13333333333333,3.73333333333333,2.4,2.13333333333333,2.53333333333333,2.8,3.66666666666667,1.8,1.86666666666667,3.6,3.86666666666667,3.06666666666667,2.53333333333333,3.13333333333333,2.33333333333333,3.4,3.6,2.2,3.93333333333333,3,3.6,3.13333333333333,4.26666666666667,3.53333333333333,4.6,4.13333333333333,4.06666666666667,3.4,29.1333333333333,-15.5333333333333,50.0666666666667
"30","BA",3,3.125,4.125,3.125,2.5,3.125,2.125,3.25,2.625,3,2.875,2.875,1.875,2.625,4,2.375,2.375,3,3.625,2.625,3,3.25,1.875,3,3.25,2.625,3.75,2.25,2.75,3.25,3.875,2.875,3.375,3.25,3.375,3,23.625,-9.875,46.125
"31","GR",3.19512195121951,3.26829268292683,3.5609756097561,3.53658536585366,2.58536585365854,3.17073170731707,2.75609756097561,3.04878048780488,2.85365853658537,3.26829268292683,2.97560975609756,2.34146341463415,2.70731707317073,3.19512195121951,3.5609756097561,2.14634146341463,2.85365853658537,3.36585365853659,3.1219512195122,2.8780487804878,3.60975609756098,3.17073170731707,2.53658536585366,3.5609756097561,3.21951219512195,2.58536585365854,3.73170731707317,2.75609756097561,2.60975609756098,3.29268292682927,3.85365853658537,3.51219512195122,3.82926829268293,3.36585365853659,3.5609756097561,2.85365853658537,27.7317073170732,-4.97560975609756,48.9756097560976
"32","SI",2.9047619047619,3.42857142857143,3.28571428571429,3.33333333333333,3,3.23809523809524,2.66666666666667,3.28571428571429,3.28571428571429,3.66666666666667,3.33333333333333,2.61904761904762,3,3,3.19047619047619,2.47619047619048,2.71428571428571,3.52380952380952,3.14285714285714,3,3.19047619047619,2.76190476190476,2.47619047619048,3.52380952380952,3.38095238095238,2.85714285714286,3.76190476190476,2.38095238095238,2.9047619047619,3.61904761904762,3.85714285714286,3.42857142857143,3.9047619047619,3.42857142857143,3.85714285714286,2.71428571428571,24.3809523809524,-4.71428571428571,50.7619047619048
"33","DE",2.74050632911392,3.62658227848101,3.55696202531646,3.5253164556962,2.68987341772152,3.43037974683544,2.5126582278481,3.22151898734177,2.86708860759494,3.43037974683544,2.67088607594937,2.4620253164557,2.56329113924051,3.20253164556962,3.51898734177215,2.25316455696203,2.62025316455696,3.43037974683544,3.06962025316456,2.84810126582278,3.26582278481013,2.64556962025316,2.50632911392405,3.04430379746835,3.0506329113924,2.62025316455696,3.63291139240506,2.75316455696203,2.74683544303797,3.06329113924051,3.54430379746835,3.38607594936709,3.81645569620253,3.74050632911392,3.70886075949367,2.43037974683544,26.5189873417722,-6.20886075949367,49.8227848101266
"34","FI",2.73404255319149,3.34042553191489,3.68085106382979,3.30851063829787,2.65957446808511,3.48936170212766,2.48936170212766,3.07446808510638,2.69148936170213,3.51063829787234,2.93617021276596,2.42553191489362,2.47872340425532,2.91489361702128,3.53191489361702,2.38297872340426,2.61702127659574,3.42553191489362,3.38297872340426,2.76595744680851,3.3936170212766,2.8936170212766,2.27659574468085,3.19148936170213,3.34042553191489,2.65957446808511,3.62765957446809,2.59574468085106,2.81914893617021,3,3.69148936170213,3.28723404255319,3.81914893617021,3.59574468085106,3.67021276595745,2.4468085106383,27.7234042553191,-7.28723404255319,48.5212765957447
"35","SE",2.51351351351351,3.53153153153153,3.69369369369369,3.37837837837838,2.55855855855856,3.26126126126126,2.51351351351351,3.17117117117117,2.68468468468468,3.05405405405405,2.76576576576577,2.5045045045045,2.64864864864865,3.13513513513514,3.58558558558559,2.31531531531532,2.47747747747748,3.44144144144144,3.37837837837838,2.72972972972973,3.34234234234234,2.87387387387387,2.16216216216216,3.04504504504505,3.36036036036036,2.62162162162162,3.8018018018018,2.77477477477477,2.97297297297297,3,3.6036036036036,3.26126126126126,3.82882882882883,3.71171171171171,3.73873873873874,2.41441441441441,27.972972972973,-8.2972972972973,48.4774774774775
"36","TR",3.16129032258065,3.35483870967742,3.41935483870968,3.51612903225806,2.87096774193548,3.38709677419355,2.87096774193548,3.45161290322581,2.87096774193548,3.48387096774194,2.67741935483871,2.67741935483871,2.67741935483871,2.93548387096774,3.29032258064516,2.51612903225806,2.74193548387097,3.51612903225806,2.83870967741935,2.7741935483871,3.41935483870968,2.67741935483871,2.80645161290323,3.32258064516129,3.12903225806452,2.64516129032258,3.70967741935484,2.48387096774194,2.80645161290323,3.06451612903226,3.80645161290323,3.51612903225806,3.7741935483871,3.38709677419355,3.35483870967742,3.06451612903226,25.4516129032258,-4.03225806451613,50.4193548387097
"37","PL",3.2741935483871,3.88709677419355,3.64516129032258,3.53225806451613,3.04838709677419,3.46774193548387,2.67741935483871,3.45161290322581,2.93548387096774,3.62903225806452,2.98387096774194,2.88709677419355,2.75806451612903,3.54838709677419,3.43548387096774,2.61290322580645,2.82258064516129,3.67741935483871,3.29032258064516,2.88709677419355,3.35483870967742,2.54838709677419,2.5,3.37096774193548,3.04838709677419,2.82258064516129,3.37096774193548,2.79032258064516,2.80645161290323,3.38709677419355,3.30645161290323,3.5,3.45161290322581,3.70967741935484,3.43548387096774,2.74193548387097,22.6451612903226,-3.43548387096774,53.3548387096774
"38","PT",2.78571428571429,3.88095238095238,3.5,3.76190476190476,2.76190476190476,3.52380952380952,2.4047619047619,3.57142857142857,2.61904761904762,3.38095238095238,2.85714285714286,2.14285714285714,2.52380952380952,3.61904761904762,3.52380952380952,2.16666666666667,2.5952380952381,3.21428571428571,3.52380952380952,2.71428571428571,3.47619047619048,2.52380952380952,2.4047619047619,2.9047619047619,3.26190476190476,2.57142857142857,3.73809523809524,2.57142857142857,2.5952380952381,2.85714285714286,3.95238095238095,2.88095238095238,3.97619047619048,3.69047619047619,3.95238095238095,2.57142857142857,24.9761904761905,-7.59523809523809,49.5
"39","AL",3,4,4.5,4.5,3.5,3.5,3.5,3,2.5,3.5,3,3,4,4.5,4.5,3.5,2.5,4.5,4.5,3.5,2.5,1.5,3.5,4,4.5,2.5,4.5,4.5,3.5,4.5,4,4.5,3.5,4.5,4.5,3.5,21.5,-10,64
"40","DK",2.46808510638298,3.57446808510638,3.68085106382979,3.14893617021277,2.65957446808511,2.82978723404255,2.34042553191489,2.76595744680851,2.4468085106383,2.76595744680851,2.59574468085106,2.27659574468085,2.53191489361702,2.85106382978723,3.87234042553191,2.27659574468085,2.29787234042553,3.36170212765957,3.51063829787234,2.70212765957447,3.12765957446809,3.04255319148936,2.21276595744681,3.17021276595745,3.38297872340426,2.42553191489362,3.85106382978723,2.36170212765957,3.14893617021277,3,4.04255319148936,3.21276595744681,3.95744680851064,3.42553191489362,4.02127659574468,2.17021276595745,28.6382978723404,-10.7872340425532,45.2765957446809
"41","SK",3.25,2.875,3.875,2.625,2.5,2.875,2.375,2.75,2.5,3,2.625,2.125,2.25,2.625,3.5,2.25,3.125,3,3.5,2,3.5,3.5,2,2.875,3,1.875,3.25,2.25,2.625,2.5,3.875,3,3.75,3.5,3.5,2.625,24.5,-6.75,41.25
"42","PK",3,3.75,3.88235294117647,3.91176470588235,2.79411764705882,3.33823529411765,2.76470588235294,3.80882352941176,2.85294117647059,3.82352941176471,3.20588235294118,2.69117647058824,2.77941176470588,3.58823529411765,3.57352941176471,2.48529411764706,2.77941176470588,3.77941176470588,3.66176470588235,3.23529411764706,3.01470588235294,2.52941176470588,2.70588235294118,3.67647058823529,3.77941176470588,2.67647058823529,3.91176470588235,3.02941176470588,3.25,3.75,3.88235294117647,3.75,3.82352941176471,3.55882352941176,4.13235294117647,3.41176470588235,22.1911764705882,-8,55.7352941176471
"43","TW",3.25,3.75,2.83333333333333,3.91666666666667,3.5,2.83333333333333,3.75,3.33333333333333,3.5,3.41666666666667,3.33333333333333,2.33333333333333,3.16666666666667,3,3.33333333333333,1.83333333333333,3.16666666666667,3.16666666666667,3.16666666666667,2.83333333333333,3.75,2.58333333333333,3.08333333333333,3.16666666666667,2.75,2.5,3.25,2.33333333333333,2.91666666666667,2.5,3.41666666666667,3.5,3.66666666666667,3.75,3.41666666666667,2.41666666666667,25.0833333333333,1.75,48
"44","TH",3.27272727272727,3.36363636363636,3.90909090909091,2.90909090909091,2.36363636363636,3,2.63636363636364,2.81818181818182,2.81818181818182,2.81818181818182,2.81818181818182,2.81818181818182,2.63636363636364,2.72727272727273,3.27272727272727,2.36363636363636,2.18181818181818,3.45454545454545,3.63636363636364,2,2.63636363636364,3.36363636363636,2.18181818181818,2.72727272727273,3.36363636363636,1.81818181818182,3.54545454545455,2.81818181818182,3.18181818181818,2.72727272727273,3.81818181818182,3.18181818181818,4.09090909090909,3.63636363636364,3.90909090909091,2.63636363636364,27.6363636363636,-9.18181818181818,44.4545454545455
"45","KR",2.47826086956522,3.56521739130435,3.47826086956522,3.17391304347826,2.73913043478261,3.47826086956522,2.56521739130435,3.08695652173913,2.65217391304348,3.39130434782609,2.60869565217391,2.60869565217391,2.56521739130435,3.30434782608696,3.30434782608696,2.56521739130435,2.52173913043478,3.69565217391304,3.47826086956522,3.08695652173913,3.39130434782609,2.82608695652174,2.39130434782609,3.39130434782609,3.1304347826087,2.65217391304348,3.65217391304348,2.65217391304348,2.8695652173913,3.30434782608696,4.1304347826087,3.69565217391304,3.91304347826087,3.78260869565217,3.65217391304348,2.52173913043478,26.9565217391304,-7.69565217391304,51.1304347826087
"46","CN",3.0952380952381,3.42857142857143,3.61904761904762,3.28571428571429,2.95238095238095,3.52380952380952,2.57142857142857,3.28571428571429,3,3.47619047619048,2.80952380952381,2.80952380952381,2.76190476190476,2.76190476190476,3.23809523809524,2.52380952380952,2.33333333333333,3.47619047619048,3.33333333333333,3,3.52380952380952,3.33333333333333,2.61904761904762,3.71428571428571,3,3,3.42857142857143,2.71428571428571,2.71428571428571,3.04761904761905,3.66666666666667,3.14285714285714,3.52380952380952,3.33333333333333,3.33333333333333,2.9047619047619,25.7142857142857,-4.19047619047619,50.0952380952381
"47","BN",3.33333333333333,3.66666666666667,3.33333333333333,3.33333333333333,3.33333333333333,3.66666666666667,3,4,3.33333333333333,4.66666666666667,3.33333333333333,3.33333333333333,3.33333333333333,3,2.66666666666667,3.66666666666667,4.33333333333333,4.33333333333333,2.33333333333333,4,3.66666666666667,2.33333333333333,3,4,3.66666666666667,3,2.33333333333333,2,3.66666666666667,3.33333333333333,4,4,4,4,3.66666666666667,3.33333333333333,18,1,59
"48","BD",2.75,3.75,4.25,3.75,2.5,4.5,2.25,4.25,2.75,4,2.5,3,2.75,4.5,4,3.5,2.75,4,3,3.75,3.75,2.75,2.5,4.25,4,3.25,4,4,2.75,3.5,3.75,3.75,3.75,3.5,4.25,3.5,20.75,-9.25,62
"49","CH",2.44827586206897,3.13793103448276,4.03448275862069,3.03448275862069,2.48275862068966,3.20689655172414,2.44827586206897,2.6551724137931,2.27586206896552,3.27586206896552,2.44827586206897,2.44827586206897,2.62068965517241,2.68965517241379,3.41379310344828,2.58620689655172,2.27586206896552,3.13793103448276,3.51724137931034,3.03448275862069,3.37931034482759,3.20689655172414,2.24137931034483,3.3448275862069,3.27586206896552,2.6551724137931,3.6551724137931,2.55172413793103,2.75862068965517,3.17241379310345,3.75862068965517,3.27586206896552,3.82758620689655,3.62068965517241,3.68965517241379,2.44827586206897,31.2068965517241,-9.31034482758621,47.0689655172414
"50","IS",2.625,3,3.25,2.375,2.75,2.625,2.25,2.625,2.5,1.875,2.625,1.625,2.25,2.375,2.625,1.625,2.375,2.75,3.5,1.625,3.625,3,2.75,2.625,3.5,2,4,1.75,3.5,2.125,4.125,2.5,3.75,3.375,4,2.5,28.5,-8.5,36.375
"51","NL",2.65116279069767,3.16279069767442,3.51162790697674,3.31395348837209,3,3.06976744186047,2.66279069767442,2.95348837209302,2.54651162790698,2.81395348837209,2.6046511627907,2.30232558139535,2.59302325581395,2.90697674418605,3.58139534883721,2.08139534883721,2.56976744186047,3.37209302325581,3.40697674418605,2.84883720930233,3.48837209302326,2.94186046511628,2.5,3.17441860465116,3.24418604651163,2.51162790697674,3.56976744186047,2.5,2.69767441860465,3.03488372093023,3.62790697674419,3.16279069767442,3.81395348837209,3.61627906976744,3.55813953488372,2.40697674418605,28.3023255813953,-6.3953488372093,46.2906976744186
"52","AT",2.81818181818182,3.45454545454545,3.77272727272727,3.63636363636364,3.09090909090909,3.18181818181818,2.86363636363636,3.5,2.90909090909091,2.77272727272727,3.27272727272727,2.63636363636364,3.04545454545455,3.22727272727273,3.36363636363636,2.40909090909091,2.77272727272727,3.36363636363636,3.27272727272727,2.59090909090909,3.72727272727273,2.27272727272727,2.45454545454545,3.31818181818182,2.72727272727273,2.18181818181818,3.72727272727273,2.45454545454545,2.68181818181818,2.59090909090909,3.54545454545455,2.90909090909091,3.40909090909091,3.54545454545455,3.5,1.95454545454545,32.1818181818182,-3.04545454545455,47.4545454545455
"53","LU",1.75,2.5,4,3,2.5,2.25,2,3,2.25,3.25,2,2,2.5,3.25,4.5,1.75,2.25,3.75,4.25,3,2,3.25,2.5,3.5,4.25,2.75,4.25,1.5,3.75,3,4,4,3.5,4.25,3.75,3,28.5,-16.5,46.5
"54","AM",1,2,5,3,1,4,1,5,1,1,1,3,1,4,5,2,1,3,5,2,1,4,1,1,5,1,5,3,3,4,1,4,5,5,1,3,25,-26,46
"55","OM",2.5,4,3.5,4,2,4,3,4.5,2.5,4.5,3.5,2,3.5,4,3.5,3,4,4.5,1.5,4,4,2,3.5,4.5,3,3.5,3,3.5,2.5,4.5,3,4.5,3,4.5,3.5,4,25.5,2,65.5
"56","AP",3.57142857142857,4.57142857142857,3.85714285714286,3.85714285714286,2.57142857142857,3.71428571428571,2.85714285714286,4.42857142857143,2,3.85714285714286,2.71428571428571,3.14285714285714,3.57142857142857,4.14285714285714,4,3.14285714285714,2.71428571428571,3.14285714285714,3.57142857142857,3.85714285714286,3.57142857142857,2.14285714285714,2.42857142857143,3.42857142857143,3.57142857142857,3.14285714285714,3.85714285714286,2.85714285714286,3.71428571428571,3.14285714285714,4.14285714285714,3.71428571428571,3.85714285714286,3.28571428571429,4,3.14285714285714,25.1428571428571,-8.57142857142857,58.4285714285714
"57","CZ",3,3.23809523809524,3.47619047619048,3.66666666666667,2.85714285714286,3.14285714285714,2.71428571428571,3.23809523809524,2.80952380952381,3.33333333333333,3,2.66666666666667,2.66666666666667,2.9047619047619,3.42857142857143,2.42857142857143,2.42857142857143,3.04761904761905,3.38095238095238,2.57142857142857,2.76190476190476,2.95238095238095,2.38095238095238,2.19047619047619,3.0952380952381,2.52380952380952,3.61904761904762,2.76190476190476,2.52380952380952,3.28571428571429,3.14285714285714,2.80952380952381,3.85714285714286,3.47619047619048,3.71428571428571,2.47619047619048,27.3333333333333,-5.61904761904762,46.8095238095238
"58","EU",2.71428571428571,3.85714285714286,3.71428571428571,3.85714285714286,2.57142857142857,3.85714285714286,2.5,3.64285714285714,2.64285714285714,3.85714285714286,3,2.5,2.92857142857143,3.78571428571429,3.5,2.64285714285714,2.78571428571429,3.71428571428571,3.57142857142857,3.21428571428571,3.64285714285714,2.21428571428571,2.78571428571429,3.78571428571429,3.5,3.21428571428571,3.64285714285714,2.92857142857143,2.85714285714286,3.42857142857143,3.85714285714286,3.78571428571429,3.71428571428571,3.71428571428571,3.71428571428571,3.42857142857143,26.6428571428571,-6.5,57
"59","MX",3.38356164383562,3.63013698630137,3.45205479452055,3.57534246575342,2.94520547945205,3.61643835616438,2.79452054794521,3.31506849315068,2.83561643835616,3.52054794520548,2.89041095890411,2.56164383561644,3.0958904109589,3.45205479452055,3.31506849315068,2.38356164383562,2.9041095890411,3.36986301369863,3.0958904109589,2.6986301369863,3.46575342465753,2.91780821917808,2.61643835616438,3.23287671232877,3.01369863013699,2.65753424657534,3.45205479452055,2.34246575342466,2.52054794520548,3.08219178082192,3.45205479452055,3.15068493150685,3.6027397260274,3.28767123287671,3.38356164383562,2.76712328767123,22.8356164383562,-2.35616438356164,49.7260273972603
"60","JO",2.5,4.5,4.5,3.5,2.5,4.5,2,3,2.5,3.5,1.5,2.5,2.5,3.5,3.5,3,2.5,3,4,3,3.5,2.5,1.5,3.5,3,3,4,3,3,4,3.5,3.5,3.5,3.5,3.5,1.5,21,-11.5,53.5
"61","ES",2.76923076923077,3.80769230769231,3.84615384615385,3.38461538461538,2.67307692307692,3.46153846153846,2.48076923076923,3.23076923076923,2.78846153846154,3.21153846153846,2.57692307692308,2.32692307692308,2.71153846153846,3.30769230769231,3.48076923076923,2.09615384615385,2.61538461538462,3.40384615384615,3.30769230769231,2.67307692307692,3.13461538461538,2.78846153846154,2.28846153846154,2.82692307692308,3.34615384615385,2.48076923076923,3.69230769230769,2.46153846153846,2.82692307692308,3.25,3.69230769230769,3.46153846153846,3.96153846153846,3.78846153846154,3.65384615384615,2.80769230769231,27.1538461538462,-7.76923076923077,49.1923076923077
"62","IR",2,3.5,4.3,3.4,2,3.2,2.2,3.1,1.9,3.6,2.1,3,2.1,3,4.3,2.8,2.2,4,4.1,3.7,2.4,2.4,2.5,3.9,3.3,3,4,3.1,3.3,3.5,4.3,3.7,4.4,4.1,4.4,3.3,26.8,-17,55.5
"63","BW",2,3,5,3,2,3,2,1,2,1,2,1,2,3,4,2,2,3,4,2,1,2,2,2,1,2,3,2,1,2,3,2,2,1,2,2,30,-8,33
"64","PR",3,4.33333333333333,3.44444444444444,4.66666666666667,2.55555555555556,3.66666666666667,2.22222222222222,4.33333333333333,3,4.33333333333333,3.11111111111111,2.77777777777778,2.11111111111111,4.22222222222222,3.77777777777778,2.77777777777778,2.11111111111111,4.11111111111111,3.44444444444444,3.55555555555556,3,1.88888888888889,2.22222222222222,3.77777777777778,3.66666666666667,3.11111111111111,3.66666666666667,2.77777777777778,3.11111111111111,3.33333333333333,3.55555555555556,3.55555555555556,3.11111111111111,3.77777777777778,3.44444444444444,3.44444444444444,22.4444444444444,-7.88888888888889,60.6666666666667
"65","AE",3.14814814814815,3.44444444444444,3.81481481481481,3.25925925925926,2.62962962962963,3.33333333333333,2.62962962962963,3.07407407407407,2.44444444444444,3.48148148148148,2.33333333333333,2.92592592592593,2.51851851851852,3.55555555555556,3.55555555555556,2.81481481481481,2.48148148148148,3.48148148148148,3.62962962962963,3.2962962962963,3.2962962962963,2.48148148148148,2.48148148148148,3.33333333333333,3.03703703703704,2.44444444444444,3.22222222222222,2.85185185185185,2.88888888888889,3.33333333333333,4,3.51851851851852,3.59259259259259,3.62962962962963,3.48148148148148,2.66666666666667,29.962962962963,-7.25925925925926,51.962962962963
"66","RU",3,4.11111111111111,3.11111111111111,3.72222222222222,3.44444444444444,3.66666666666667,3.05555555555556,3.38888888888889,3.22222222222222,3.83333333333333,3.72222222222222,2.94444444444444,3.11111111111111,3.33333333333333,3.22222222222222,3.16666666666667,2.94444444444444,3.61111111111111,2.38888888888889,3.33333333333333,3.27777777777778,2.44444444444444,2.83333333333333,3.22222222222222,2.66666666666667,2.94444444444444,3.44444444444444,3,2.5,3.55555555555556,3.5,3.44444444444444,3.44444444444444,3.72222222222222,3.5,2.88888888888889,25.1666666666667,0.833333333333333,55.4444444444444
"67","GE",3.2,4.2,3.6,4.2,3.6,4,3,3.4,2.6,4.2,3.6,2.8,3,4.2,3.4,3,3.2,4.4,3.8,3.8,4,2,2.8,4,2.8,3,3.8,2.8,2.6,2.2,3,3,4,3.2,3.6,3.8,23.2,-1.6,58.2
"68","UA",3.09090909090909,3.72727272727273,3.63636363636364,2.81818181818182,3.27272727272727,3.09090909090909,3.09090909090909,3.09090909090909,2.72727272727273,3.45454545454545,2.90909090909091,2.36363636363636,3.27272727272727,3.18181818181818,3.63636363636364,2.63636363636364,2.90909090909091,3.81818181818182,3.27272727272727,2.90909090909091,3.18181818181818,3.63636363636364,2.81818181818182,3.45454545454545,2.81818181818182,2.27272727272727,3.63636363636364,2.09090909090909,2.90909090909091,3.27272727272727,4.09090909090909,4.09090909090909,4.18181818181818,2.72727272727273,3.81818181818182,2.63636363636364,25.2727272727273,-4.72727272727273,48
"69","BR",3.03418803418803,3.93162393162393,3.77777777777778,3.70940170940171,2.56410256410256,3.69230769230769,2.55555555555556,3.67521367521368,2.78632478632479,3.57264957264957,2.67521367521368,2.47008547008547,2.67521367521368,3.70940170940171,3.41025641025641,2.53846153846154,2.64102564102564,3.41025641025641,3.35897435897436,2.88888888888889,3.23076923076923,2.42735042735043,2.35897435897436,3.2991452991453,3.03418803418803,2.73504273504274,3.72649572649573,2.82051282051282,2.7008547008547,3.43589743589744,3.53846153846154,3.46153846153846,3.83760683760684,3.63247863247863,3.56410256410256,2.95726495726496,21.8632478632479,-6.42735042735043,53.5128205128205
"70","LB",2.72727272727273,4,3.72727272727273,3.09090909090909,3.27272727272727,3.63636363636364,3,3.18181818181818,3,3.54545454545455,3.09090909090909,2.36363636363636,2.72727272727273,3.45454545454545,3.27272727272727,2.36363636363636,2.45454545454545,4.27272727272727,2.81818181818182,3.36363636363636,3.63636363636364,2.54545454545455,2.81818181818182,4.09090909090909,3,2.81818181818182,3.63636363636364,2.90909090909091,2.63636363636364,3.18181818181818,3.54545454545455,3.90909090909091,3.72727272727273,3.09090909090909,3.54545454545455,3.27272727272727,27.6363636363636,-3.18181818181818,54
"71","HU",3,3.5,3.57692307692308,3.07692307692308,2.76923076923077,3.26923076923077,2.80769230769231,3.23076923076923,2.73076923076923,3.19230769230769,2.76923076923077,2.61538461538462,2.80769230769231,2.96153846153846,3.65384615384615,2.65384615384615,2.46153846153846,3.69230769230769,3.30769230769231,2.61538461538462,3.46153846153846,2.84615384615385,2.26923076923077,2.92307692307692,3.03846153846154,2.42307692307692,3.84615384615385,2.26923076923077,2.80769230769231,3.34615384615385,3.96153846153846,3.26923076923077,4.07692307692308,3.92307692307692,3.88461538461538,2.73076923076923,25.5769230769231,-7.07692307692308,48.8461538461538
"72","MD",3.4,3.2,3.8,2.8,2.2,2.2,2.4,2.4,2,2,2,1.6,1.4,2.4,3.8,1.4,1.6,3.6,3,2.4,3,3,2,3.4,2.8,2,3.4,3.2,2.6,4,3.8,4,4,2.4,4,3.6,21.2,-11.2,43.6
"73","UZ",2,3.5,4,4,4.5,3,3.5,4.5,2.5,3,3.5,2,3.5,2,4,1.5,4,4,2,2.5,3.5,2.5,3,2.5,2.5,1.5,3,2,4.5,3.5,3,3.5,3,4.5,3.5,3.5,24,0.5,48.5
"74","AF",2,1,2,1,3,2,2,2,4,2,3,1,2,2,4,1,2,1,3,2,2,1,4,1,2,1,4,1,2,1,2,1,3,2,2,1,38,0,22
"75","AR",3.03448275862069,3.41379310344828,3.62068965517241,3.3448275862069,2.86206896551724,3.48275862068966,2.58620689655172,3.31034482758621,2.51724137931034,3.41379310344828,2.93103448275862,2.44827586206897,2.96551724137931,3.13793103448276,3.89655172413793,2.48275862068966,2.79310344827586,3.31034482758621,3.03448275862069,2.68965517241379,3.82758620689655,2.96551724137931,2.68965517241379,3.03448275862069,3.37931034482759,2.75862068965517,3.89655172413793,2.31034482758621,2.41379310344828,2.6551724137931,3.62068965517241,3.10344827586207,3.82758620689655,3.55172413793103,3.31034482758621,2.48275862068966,23,-4.79310344827586,47.9655172413793
"76","CO",2.86666666666667,4,3.66666666666667,3.8,3.13333333333333,4.2,2.6,3.73333333333333,3.06666666666667,4.2,3.06666666666667,2.8,3,3.86666666666667,3.26666666666667,2.53333333333333,2.4,3.6,3.06666666666667,3.06666666666667,2.66666666666667,2.4,2.2,3.33333333333333,3.13333333333333,2.66666666666667,3.2,2.66666666666667,3.46666666666667,3.4,3.33333333333333,3.8,3.66666666666667,3.8,3.53333333333333,3,22.1333333333333,-5.33333333333333,56.0666666666667
"77","CL",3.1,3.7,3.3,3.6,3.1,3.6,3,3.7,3.2,3.6,3,2.9,2.8,3.7,2.7,2.9,2.5,3.3,2.9,2.8,3.4,2.2,2.7,2.5,2.7,2.4,3.1,2.9,2.8,2.8,3,2.8,3.8,3.8,3.4,2.3,21.1,-0.9,51.1
"78","NP",3,3.66666666666667,3.66666666666667,1.66666666666667,2.66666666666667,1.66666666666667,3,2.33333333333333,2,2.66666666666667,2.66666666666667,1.33333333333333,3,1.66666666666667,2.33333333333333,1.66666666666667,3,1.66666666666667,4,1.33333333333333,2.66666666666667,4,3.33333333333333,3,2.33333333333333,1.33333333333333,2.66666666666667,1,3.66666666666667,2,3.66666666666667,3.33333333333333,2.66666666666667,2.66666666666667,2.33333333333333,3.66666666666667,26,-2,32.6666666666667
"79","DO",2.5,3.5,4,3.25,2,4,2,3,2,2.75,1.75,2.5,2,3.25,3.75,2,2.25,3,3.5,2.75,2.75,3,1.75,2.75,3.25,2.5,3.5,2.5,3.25,3.5,4,2.5,4,2.5,3.5,2,37,-13.75,45.25
"80","CR",2.66666666666667,3.66666666666667,3.33333333333333,3.33333333333333,3.33333333333333,3.33333333333333,3.33333333333333,2.66666666666667,3.66666666666667,4,4,2,2.33333333333333,2.66666666666667,3.33333333333333,2,3.66666666666667,3.66666666666667,3,2.33333333333333,3.33333333333333,3.66666666666667,2.33333333333333,3.66666666666667,2.33333333333333,2.66666666666667,4.33333333333333,2.33333333333333,2.66666666666667,3.33333333333333,4.66666666666667,2.66666666666667,4,2.66666666666667,4.33333333333333,2.66666666666667,30.3333333333333,-3.33333333333333,46
"81","EC",3.8,3.4,3.2,3.6,3,4.2,2.2,2.8,2.6,4,2.8,2.2,1.8,3.2,3.4,2,3,3.4,3.4,2.8,3.6,3.4,2.6,3.8,2.8,2.4,2.6,2,2.8,3.2,4,2.8,3.6,3.8,3.6,2.8,22,-4,49
"82","TT",2.83333333333333,3.72222222222222,3.88888888888889,3.72222222222222,2.61111111111111,4.05555555555556,2.44444444444444,3.33333333333333,2.88888888888889,3.66666666666667,2.27777777777778,2.33333333333333,2.66666666666667,3.44444444444444,2.88888888888889,2.5,2.83333333333333,3.55555555555556,3.22222222222222,3.05555555555556,3.33333333333333,2.72222222222222,2.66666666666667,3.77777777777778,3.11111111111111,2.77777777777778,3.16666666666667,3.05555555555556,2.44444444444444,3.27777777777778,3.83333333333333,3.55555555555556,3.55555555555556,3.44444444444444,3.22222222222222,2.72222222222222,28.3888888888889,-4.77777777777778,53.2777777777778
"83","UY",3,2.75,4.5,2.25,3.25,3,3,1.75,2.75,2,2.5,2.5,2.75,2,4,1.75,2.5,3.75,4,2,2.5,3.75,2.75,3,3.25,2.25,3.75,1.75,2.25,3.25,3.5,3.5,3.5,2.75,3.25,1.25,19.75,-7,37.75
"84","LV",3.2,4,3.2,3.5,2.6,3.6,2.8,3.4,2.9,3,2.3,2.2,2.8,2.4,3.3,2.2,2.3,3.5,3.1,3.3,3.5,2.8,2.4,3.3,3.2,2.6,3.3,2.7,2.9,3.2,3.3,3.4,3.5,3.8,3.4,2.4,23.7,-4.4,49.7
"85","GF",5,5,2,5,5,5,4,4,5,4,4,2,4,5,2,2,3,5,2,4,4,2,4,3,3,2,2,1,2,5,3,4,3,4,5,4,27,14,62
"86","HR",2.45238095238095,3.64285714285714,3.95238095238095,3.23809523809524,2.45238095238095,4.07142857142857,2.23809523809524,3.33333333333333,2.5952380952381,3.71428571428571,2.66666666666667,3,2.30952380952381,3.38095238095238,3.54761904761905,2.64285714285714,2.23809523809524,3.61904761904762,3.28571428571429,3.07142857142857,3.0952380952381,2.42857142857143,2.02380952380952,3.42857142857143,3.45238095238095,2.97619047619048,3.64285714285714,3.16666666666667,2.71428571428571,3.47619047619048,3.95238095238095,3.16666666666667,3.9047619047619,3.47619047619048,3.88095238095238,2.57142857142857,24.6666666666667,-10.2619047619048,53.5476190476191
"87","BO",3,3.5,5,4.5,2.5,4.5,1,3,2,5,2.5,2.5,2.5,3,3.5,2.5,1.5,3.5,3.5,3,2.5,3.5,1.5,4,2.5,2.5,4.5,3.5,4.5,3,3.5,3.5,4,3,3,2.5,38,-15,53.5
"88","PE",3.375,3.875,2.75,2.625,3.625,3.5,3.625,3.125,3.25,3,3.625,2.375,3.5,3,3,2.375,3.375,3.25,2.5,2.375,4.125,3,3.75,2.375,2.375,2.375,2.875,1.625,1.625,2.25,3,3.25,3.5,2.75,2.75,2.25,19.75,7.875,43.375
"89","HT",2,4,5,2,2,3,1,2,2,3,1,4,2,3,4,4,3,4,4,4,4,4,2,2,4,4,4,1,2,4,4,4,4,3,4,2,20,-16,49
"90","VE",3.75,4.5,3.625,4.125,2.5,4.625,2.625,4.25,3.75,4.125,3.25,2.875,3.125,4.5,2.75,2.625,3,4,3.125,3,2.625,1.875,2.625,2.875,2.75,3.5,3,2.625,2.875,3.375,3.125,2.875,3.125,4.25,3.875,2.75,19.375,-1,59
"91","SV",4.33333333333333,4.66666666666667,3.33333333333333,3.66666666666667,2.66666666666667,4.33333333333333,2.66666666666667,4.66666666666667,3.66666666666667,4.33333333333333,3,3.66666666666667,3.66666666666667,4,2.33333333333333,3,4.33333333333333,4.66666666666667,2.66666666666667,3.66666666666667,3.33333333333333,1.33333333333333,2.66666666666667,2.33333333333333,2.33333333333333,3.33333333333333,2.66666666666667,2,3,3.66666666666667,3.33333333333333,4,3.33333333333333,4.33333333333333,4,4.33333333333333,19.3333333333333,3.33333333333333,63.3333333333333
"92","BZ",2,3,4,3,3,4,1,2,1,1,2,1,1,5,5,1,3,3,5,1,1,1,1,1,4,1,4,1,4,3,5,4,5,1,3,2,17,-24,36
"93","HN",2,3,3,3,4,3,3,2,3,3,3,2,2,2,4,3,2,3,4,2,4,3,2,2,4,2,4,3,3,3,4,3,4,3,4,2,36,-9,41
"94","KW",3,3.5,4,3.5,2,2,2.5,4,2.5,3,2,2.5,1.5,4,4,2.5,2.5,3.5,3.5,3,3,3,2.5,4,4,3,3.5,1.5,3,4,3,3,4,4,4,4.5,27.5,-11.5,52.5
"95","EE",3.27777777777778,3.38888888888889,3.44444444444444,3.22222222222222,3.22222222222222,3.05555555555556,2.94444444444444,3.27777777777778,3,3,3.11111111111111,2.27777777777778,3.22222222222222,3.38888888888889,3.11111111111111,2.27777777777778,3.22222222222222,3.44444444444444,2.94444444444444,2.77777777777778,3.38888888888889,2.88888888888889,3.22222222222222,2.88888888888889,2.77777777777778,2.44444444444444,3.77777777777778,2.66666666666667,2.88888888888889,3.05555555555556,3.16666666666667,3.33333333333333,3.5,3.5,3.38888888888889,2.44444444444444,23.3888888888889,-0.388888888888889,47.5555555555556
"96","KG",2,1,5,1,1,1,1,2,1,2,1,1,1,1,1,1,1,2,5,2,1,5,1,1,1,1,1,1,4,1,5,1,5,4,5,1,60,-22,19
"97","EG",2.8,4,3.6,4.06666666666667,2.8,3.53333333333333,3,3.93333333333333,3,3.86666666666667,3.06666666666667,3.06666666666667,2.86666666666667,3.53333333333333,3.53333333333333,2.13333333333333,2.93333333333333,3.86666666666667,3.4,2.93333333333333,3.66666666666667,2.46666666666667,2.73333333333333,3.4,3.26666666666667,2.66666666666667,3.73333333333333,2.8,2.46666666666667,3.46666666666667,3.73333333333333,4,4.2,3.53333333333333,4,3.33333333333333,24.4,-5.06666666666667,55.6666666666667
"98","BF",1,5,3,5,1,5,2,5,1,5,2,5,2,3,5,5,1,5,4,5,3,1,2,4,4,5,4,3,3,5,3,5,1,5,3,5,23,-15,79
"99","NG",2.66666666666667,3.33333333333333,3.73333333333333,3.33333333333333,3.2,2.93333333333333,2.86666666666667,3.2,3.06666666666667,3.46666666666667,2.86666666666667,2.53333333333333,2.86666666666667,3.06666666666667,3.66666666666667,2.26666666666667,3,3.86666666666667,3.33333333333333,3.06666666666667,2.8,2.6,2.46666666666667,2.46666666666667,3.53333333333333,2.8,3.8,2.2,2.4,3.73333333333333,3.93333333333333,3.2,3.33333333333333,2.8,3.6,2.93333333333333,25.2666666666667,-5.53333333333333,48.6
"100","TN",3.5,4.5,3.5,3,4.5,4,4.5,4,2,4,3,3,3,4,4,2.5,3.5,4.5,4.5,3,3.5,1.5,3,4,4,3,3.5,2.5,1.5,3.5,3.5,4,3,2,2,3.5,23.5,1,57.5
"101","TZ",2.66666666666667,4.33333333333333,4.33333333333333,3.33333333333333,2.66666666666667,3,2.33333333333333,3.66666666666667,2.66666666666667,4,1.66666666666667,3,1.66666666666667,2.66666666666667,3.33333333333333,2,1.66666666666667,3,4,2.33333333333333,3,3,2,2.66666666666667,2.66666666666667,3,3.33333333333333,3,3.66666666666667,3.66666666666667,3.66666666666667,4,4,4,4.33333333333333,3.66666666666667,22.3333333333333,-13,52.3333333333333
"102","GH",2.5,3.8,3.9,3.3,1.8,2.8,2.8,3.5,2.2,3.5,2,2.4,2.4,3.1,3.8,2.9,1.4,3.7,3.2,3,2.3,2.2,2.1,2.7,3.5,2.8,3.8,2.7,3.1,3.4,4.1,3.8,3.8,3.5,4,3.1,25.7,-13.7,51.8
"103","UG",3.33333333333333,4.33333333333333,4.33333333333333,4.66666666666667,2.33333333333333,3.66666666666667,3.66666666666667,4.33333333333333,3.66666666666667,4.33333333333333,2.33333333333333,3.33333333333333,3.33333333333333,4.33333333333333,2.33333333333333,3.66666666666667,2.33333333333333,3.66666666666667,3.33333333333333,4,3,1.33333333333333,3.33333333333333,3.33333333333333,3,2.66666666666667,2.66666666666667,2.66666666666667,1.33333333333333,3.66666666666667,2.33333333333333,3.66666666666667,4.33333333333333,4.33333333333333,4.66666666666667,4.33333333333333,34,-1,63.6666666666667
"104","ZW",3,4,4,4,4,2.33333333333333,3.66666666666667,3.66666666666667,4.33333333333333,4,4.33333333333333,3.66666666666667,3.33333333333333,4,3,2.66666666666667,2.66666666666667,3.66666666666667,3,3,3.33333333333333,3.33333333333333,4.33333333333333,3,3,3,3.66666666666667,4,2.66666666666667,3.66666666666667,3.66666666666667,4,3.66666666666667,3.66666666666667,3,2.66666666666667,22.3333333333333,3.33333333333333,55.6666666666667
"105","MA",3.66666666666667,3.66666666666667,4.33333333333333,3.33333333333333,2.33333333333333,3.66666666666667,3,3.33333333333333,2.33333333333333,3,3.33333333333333,2.33333333333333,2,1.66666666666667,3.66666666666667,2.33333333333333,1.66666666666667,3,3.66666666666667,3.33333333333333,3.66666666666667,2,2.33333333333333,2.66666666666667,2.33333333333333,2.66666666666667,3.66666666666667,2,2.33333333333333,3.66666666666667,2.33333333333333,3.33333333333333,3.33333333333333,3,3.66666666666667,1.66666666666667,25,-5,46.6666666666667
"106","CW",3,1,3,3,3,5,1,2,2,4,2,2,3,4,4,2,3,2,3,3,3,4,2,1,2,5,4,1,2,3,4,3,4,1,4,2,30,-8,40
"107","SB",5,1,2,1,4,1,5,1,5,3,1,1,5,1,1,1,4,1,1,1,5,5,5,1,1,1,1,1,1,1,1,1,1,1,1,1,41,29,14
"108","MN",2.5,5,4.5,3.5,2,4,2,4.5,2,4,3,2.5,1.5,3.5,4.5,2.5,2,3,3.5,2.5,3.5,2,2.5,4,3.5,2.5,4.5,3,4,3.5,4.5,4.5,3.5,4.5,4,4,19,-15.5,59
"109","WS",3,3,4,3,2,4,3,3,2,4,3,1,3,3,4,3,3,3,3,2,3,3,3,3,4,3,4,4,4,3,4,4,4,4,2,2,42,-8,49
"110","AG",3.33333333333333,3.33333333333333,3.66666666666667,3.33333333333333,4,3.66666666666667,2.33333333333333,4,3.66666666666667,3.66666666666667,3.66666666666667,2.33333333333333,3.33333333333333,3.33333333333333,2.66666666666667,2,2.66666666666667,3.66666666666667,2.66666666666667,2,4,3,2.66666666666667,2.66666666666667,2.33333333333333,3,3.33333333333333,3,2.66666666666667,3.66666666666667,3.33333333333333,3.33333333333333,3.66666666666667,3,2.66666666666667,3,27.6666666666667,2.66666666666667,50
"111","BB",5,5,2,4,4,5,4,4,4,3,3,1,4,2,4,1,4,5,3,5,5,2,4,5,4,3,4,1,1,4,5,5,4,5,4,1,32,6,57
"112","JM",3.18181818181818,3.18181818181818,3,3,3,3.54545454545455,2.54545454545455,2.81818181818182,3.27272727272727,3.72727272727273,2.81818181818182,2.72727272727273,2.63636363636364,2.63636363636364,3.45454545454545,2.63636363636364,2.54545454545455,2.90909090909091,3.45454545454545,3.09090909090909,3.27272727272727,3.27272727272727,3.18181818181818,3.09090909090909,2.90909090909091,2.45454545454545,3.45454545454545,2.36363636363636,3.09090909090909,2.81818181818182,3.54545454545455,3.18181818181818,3.63636363636364,3.09090909090909,3.45454545454545,2.63636363636364,23.5454545454545,-3.54545454545455,46.6363636363636
"113","KY",3,1,3,1,2,3,4,1,3,2,3,2,4,1,4,2,3,3,3,1,5,5,3,1,1,3,2,3,2,3,4,1,3,4,3,1,44,5,28
"114","KN",3,4,2,4,4,3,4,4,3,3,4,2,4,4,3,2,4,3,4,2,4,2,2,3,3,3,3,1,3,2,3,2,4,5,3,2,23,4,47
"115","GI",1,4,5,4,1,2,1,4,2,2,1,1,1,2,4,4,2,5,5,4,2,4,2,4,4,2,3,2,3,4,4,3,4,4,4,2,18,-23,49
"116","LT",2.88888888888889,3.88888888888889,4.11111111111111,3.66666666666667,2.55555555555556,3.55555555555556,2.55555555555556,3.88888888888889,2.55555555555556,3.66666666666667,2.88888888888889,2.44444444444444,1.88888888888889,3.44444444444444,3.77777777777778,2.33333333333333,2.55555555555556,3.33333333333333,3.33333333333333,2.88888888888889,3.22222222222222,2.55555555555556,2.66666666666667,3.55555555555556,3,2.44444444444444,3.55555555555556,2.66666666666667,3.33333333333333,3,4.11111111111111,3.11111111111111,3.77777777777778,3.66666666666667,3.66666666666667,3,20.2222222222222,-8.88888888888889,52
"117","SY",3.33333333333333,1.66666666666667,3.66666666666667,2.66666666666667,2,3.33333333333333,1,3,2,3.66666666666667,2,3,1.66666666666667,1.66666666666667,3.66666666666667,1.33333333333333,1.33333333333333,2.66666666666667,3,3.33333333333333,4,4,2,2.33333333333333,2.33333333333333,1.33333333333333,3.33333333333333,1.66666666666667,2.66666666666667,3.66666666666667,3,2.66666666666667,3,4,3.33333333333333,2.66666666666667,20.6666666666667,-8.66666666666667,40.6666666666667
"118","MV",1,4,5,5,1,4,1,5,1,5,1,4,1,4,5,4,1,4,5,5,1,3,1,4,2,4,4,2,3,4,4,5,5,5,5,1,24,-29,66
"119","BH",1,1,1,1,5,1,5,1,3,5,1,5,5,5,5,5,1,5,1,1,5,1,1,5,5,5,5,5,3,5,5,5,5,5,5,5,30,-8,64
"120","DZ",5,4,3,4,5,5,5,4,5,5,1,1,1,1,3,1,4,4,4,1,3,4,4,3,3,2,4,3,2,3,4,4,4,5,4,4,17,2,50
"121","MG",4,4,5,3,4,5,4,4,4,5,5,2,5,2,5,2,2,4,4,2,4,2,2,2,4,2,5,4,5,5,5,4,5,2,5,2,31,-9,52
"122","CM",2,2,5,4,2,4,2,4,2,5,2,5,2,2,5,5,2,4,5,5,4,2,2,3,5,2,5,2,5,4,5,4,5,5,5,4,40,-25,62
"123","CI",2,2,5,4,1,3,1,4,1,5,1,2,2,4,5,2,1,5,4,2,2,4,1,4,4,3,4,2,3,4,4,4,4,3,4,3,18,-25,52
"124","SD",2.5,3.5,3,3.5,1.5,3,1.5,3,2,4,1.5,2.5,1.5,4,4,2.5,2,3,4,2.5,4,3.5,2.5,2.5,3.5,3,3,2.5,2.5,3,4.5,3,4,1.5,4,2.5,22,-13.5,46
"125","MU",1,4,5,5,2,4,2,4,2,3,2,3,1,4,5,3,1,4,5,1,3,3,1,1,5,2,5,3,4,3,5,1,5,1,5,4,27,-29,47
"126","LY",4,4,2,3,4,3,2,2,2,2,2,2,4,4,3,2,4,3,2,2,3,2,3,3,2,2,3,4,2,2,3,2,2,2,2,3,16,7,43
"127","ME",4,3.66666666666667,3,2.5,3,3,2.83333333333333,2.83333333333333,2.83333333333333,2.66666666666667,2.5,1.66666666666667,3.16666666666667,3.33333333333333,3,1.66666666666667,3.33333333333333,3.83333333333333,2.16666666666667,3.5,3.83333333333333,2.83333333333333,3.16666666666667,3,3,2.5,3.5,2,3.33333333333333,3.16666666666667,3.83333333333333,3.66666666666667,3.16666666666667,2.33333333333333,3.16666666666667,2.5,19.5,0.5,45
"128","MK",2.5,3.16666666666667,3.16666666666667,3.33333333333333,2.83333333333333,3.16666666666667,1.83333333333333,3,2.16666666666667,3.33333333333333,3.16666666666667,2.33333333333333,2.5,3.5,3.83333333333333,2.33333333333333,2.16666666666667,3.33333333333333,3.83333333333333,3.33333333333333,3.16666666666667,3.33333333333333,2.33333333333333,2.66666666666667,3.33333333333333,2.16666666666667,3.66666666666667,2.33333333333333,3.5,2.83333333333333,3.83333333333333,2.5,4,2.66666666666667,4.16666666666667,2.66666666666667,22.6666666666667,-10.6666666666667,45.3333333333333
"129","MO",3,3,5,1,2,2,2,4,2,2,2,2,2,3,4,2,2,3,4,4,2,4,2,3,2,2,4,4,4,3,4,3,4,3,4,3,31,-16,43
"130","MM",4,4,5,4,1,3,1,2,3,4,3,3,2,1,3,2,2,3,4,3,4,4,2,2,4,2,4,2,2,4,4,4,4,3,4,2,24,-12,44
"131","CY",3.33333333333333,3.33333333333333,4,3.33333333333333,2.33333333333333,3.33333333333333,2.66666666666667,3,3,3.66666666666667,2.66666666666667,3,3,3.33333333333333,3,2.66666666666667,2,3,2.33333333333333,2.66666666666667,2.66666666666667,2.66666666666667,2.66666666666667,3.66666666666667,2.66666666666667,3,2,2.66666666666667,3,3,2,2.33333333333333,3,3.33333333333333,2.66666666666667,2.66666666666667,20.6666666666667,-0.333333333333333,49.3333333333333
"132","GD",4,4,2,2,4,4,4,3,2,1,4,1,3,4,4,1,4,5,2,1,3,3,2,1,4,1,5,1,2,1,4,2,4,1,4,1,28,-1,31
"133","MT",3.25,2.875,3.5,3,2.875,2.625,2.5,2.375,3.5,2.875,3.5,2.375,3,2.75,2.625,2.25,3.125,3,3.375,2.25,3.25,3.375,3.125,2.625,2.5,2.375,3.25,2.375,3.375,2.75,3.5,3.125,3.5,3.25,3.375,2,26.375,-0.875,41.5
"134","QA",4,3,4,2.5,2.5,2,2.5,2.5,2.5,3,1.5,1.5,2.5,3,3,1.5,2.5,4.5,3.5,2,3,3.5,2.5,4.5,1.5,2,1,2.5,3.5,2,2.5,3.5,3,3,3.5,2.5,16,-2,42
"135","MC",2,1,1,2,2,3,2,3,1,3,2,5,2,3,3,4,2,2,2,3,2,5,1,4,4,4,3,3,5,3,3,4,3,4,3,4,49,-11,50
"136","MR",1,2,5,2,1,3,1,1,2,2,1,2,1,2,4,4,1,5,4,3,4,3,1,2,3,4,5,2,2,4,5,4,5,4,5,4,28,-25,47
"137","JE",1.5,3,4.5,4,4.5,3.5,3.5,3,3,2.5,2.5,3.5,3,2.5,3,2.5,3,4,3.5,3,4.5,3,2,3,4.5,3.5,3.5,4,4,1.5,2.5,4,4,4.5,4,3.5,29,-6,52.5
"138","PS",4,5,4,4,2,3,2,4,4,4,4,3,2,3,1,1,4,4,2,4,3,2,3,3,1,4,1,2,4,3,2,4,4,5,4,2,34,5,56
"139","IM",5,4,1,5,5,3,5,3,5,2,5,1,5,2,1,1,4,1,1,1,3,3,4,4,2,2,2,5,2,1,1,1,4,4,4,1,20,23,38
